chr,bigBoy
chr,zeus
chr,oldManB
chr,oldManA
chr,orangeMan
chr,batMan
chr,blueMoon
chr,luna
chr,smithA
chr,smithB
prp,sword
prp,redHat
prp,yellowHat
prp,greyBall
prp,whiteBroad
prp,distSize
prp,glasses
prp,mapA
prp,mapB
prp,goldenLeafPiss
prp,duckFeather
prp,hotKey
env,buildA
env,buildB
env,buildA
env,buildB
env,buildA
env,nexus
env,lightTown
set,lightTownExten
set,grassBucketExten
set,iceFrostExten
set,wildWolfVolExten
set,rainbowCityExten
set,notSureCellExten
